Variable,Description,,,,,,,,,,,,,,,,,,,,,
ag_hh_inc,Aggregate Household Income in Past 12 Months,,,,,,,,,,,,,,,,,,,,,
ag_interest,Aggregate Interest Dividends in Past 12 Months,,,,,,,,,,,,,,,,,,,,,
ag_fam_inc,Aggregate Family Income in Past 12 Months,,,,,,,,,,,,,,,,,,,,,
ag_nonfam_inc,Aggregate Non-Family Income in Past 12 Months,,,,,,,,,,,,,,,,,,,,,
ag_inc,Aggregate Income in Past 12 Months,,,,,,,,,,,,,,,,,,,,,
ag_earnings,Aggregate Earnings in Past 12 Months,,,,,,,,,,,,,,,,,,,,,
ag_ssi,Aggregate Social Security Income in Past 12 Months,,,,,,,,,,,,,,,,,,,,,
ag_sssi,Aggregate Supplemental Social Security Income in Past 12 Months,,,,,,,,,,,,,,,,,,,,,
ag_pa_inc,Aggregate Public Assistance Income in Past 12 Months,,,,,,,,,,,,,,,,,,,,,
ag_other_inc,Aggregate Other Sources of Income in Past 12 Months,,,,,,,,,,,,,,,,,,,,,
ag_ret_inc,Aggregate Retirement Income in Past 12 Months,,,,,,,,,,,,,,,,,,,,,
as_selfemp_inc,Aggregate Self-Employment in Income Past 12 Months,,,,,,,,,,,,,,,,,,,,,
ag_wage_inc,Aggregate Wage or Salary Income in Past 12 Months,,,,,,,,,,,,,,,,,,,,,
ag_rooms,Aggregate Number of Rooms,,,,,,,,,,,,,,,,,,,,,
ag_vehicle,Aggregate Number of Vehicles Available,,,,,,,,,,,,,,,,,,,,,
avrg_hh_size,Average Household Size,,,,,,,,,,,,,,,,,,,,,
med_age,Median Age,,,,,,,,,,,,,,,,,,,,,
med_earnings,Median Earnings in Past 12 Months,,,,,,,,,,,,,,,,,,,,,
med_fam_inc,Median Family Income in Past 12 Months,,,,,,,,,,,,,,,,,,,,,
med_hh_inc,Median Household Income in Past 12 Months,,,,,,,,,,,,,,,,,,,,,
med_nonfam_inc,Median Non-Family Income in Past 12 Months,,,,,,,,,,,,,,,,,,,,,
med_rooms,Median Number of Rooms,,,,,,,,,,,,,,,,,,,,,
med_value,Median Value,,,,,,,,,,,,,,,,,,,,,
med_hh_movein,Median Year Householder Moved in,,,,,,,,,,,,,,,,,,,,,
med_built_year,Median Year Structure Built,,,,,,,,,,,,,,,,,,,,,
hh_1p,Number of 1-person Households,,,,,,,,,,,,,,,,,,,,,
hh_2p,Number of 2-person Households,,,,,,,,,,,,,,,,,,,,,
hh_3p,Number of 3-person Households,,,,,,,,,,,,,,,,,,,,,
hh_4p,Number of 4-person Households,,,,,,,,,,,,,,,,,,,,,
hh_5p,Number of 5-person Households,,,,,,,,,,,,,,,,,,,,,
hh_6p,Number of 6-person Households,,,,,,,,,,,,,,,,,,,,,
hh_7p,Number of 7-person Households,,,,,,,,,,,,,,,,,,,,,
pov_fam,Number of Families with Income Below Poverty Level,,,,,,,,,,,,,,,,,,,,,
pov_sngl_father,Number of Single-Father Families with Income Below Poverty Level,,,,,,,,,,,,,,,,,,,,,
pov_sngl_mother,Number of Single-Mother Families with Income Below Poverty Level,,,,,,,,,,,,,,,,,,,,,
fam_hh,Number of Family Households,,,,,,,,,,,,,,,,,,,,,
sngl_mother,Number of Single Mother Families,,,,,,,,,,,,,,,,,,,,,
sngl_father,Number of Single Father Families,,,,,,,,,,,,,,,,,,,,,
hh_60,Number of Households with One Member Over 60,,,,,,,,,,,,,,,,,,,,,
fam_60,Number of Family Households with One Member Over 60,,,,,,,,,,,,,,,,,,,,,
mar_60,Number of Married Couple Family Households with One Member Over 60,,,,,,,,,,,,,,,,,,,,,
nonfam_60,Number of Non-Family Households with One Member Over 60,,,,,,,,,,,,,,,,,,,,,
sngl_father_60,Number of Single Father Households with One Member Over 60,,,,,,,,,,,,,,,,,,,,,
sngl_mother_60,Number of Single Mother Households with One Member Over 60,,,,,,,,,,,,,,,,,,,,,
hh_18,Number of Households with One Member Under 18,,,,,,,,,,,,,,,,,,,,,
fam_18,Number of Family Households with One Member Under 18,,,,,,,,,,,,,,,,,,,,,
mar_18,Number of Married Couple Households with One Member Under 18,,,,,,,,,,,,,,,,,,,,,
sngl_mother_18,Number of Single Mother Households with One Member Under 18,,,,,,,,,,,,,,,,,,,,,
sngl_father_18,Number of Single Father Households with One Member Under 18,,,,,,,,,,,,,,,,,,,,,
nonfam_18,Number of Non-Family Households with One Member Under 18,,,,,,,,,,,,,,,,,,,,,
male,Number of Male Residents,,,,,,,,,,,,,,,,,,,,,
female,Number of Female Residents,,,,,,,,,,,,,,,,,,,,,
tot_pop,Number of Residents,,,,,,,,,,,,,,,,,,,,,
white,Number of White Residents,,,,,,,,,,,,,,,,,,,,,
black,Number of Black/African American Residents,,,,,,,,,,,,,,,,,,,,,
aian,Number of American Indian/Alaska Native Residents,,,,,,,,,,,,,,,,,,,,,
asian,Number of Asian Residents,,,,,,,,,,,,,,,,,,,,,
hwipi,Number of Native Hawaiian/Pacific Islander Residents,,,,,,,,,,,,,,,,,,,,,
other,Number of Other Race Residents,,,,,,,,,,,,,,,,,,,,,
two_or_more,Number of Two or More Race Residents,,,,,,,,,,,,,,,,,,,,,
hisp,Number of Hispanic/Latino Residents,,,,,,,,,,,,,,,,,,,,,
same_house,Number of Residents in Same House as 1 Year Ago,,,,,,,,,,,,,,,,,,,,,
dif_house,Number of Residents in Different House as 1 Year Ago,,,,,,,,,,,,,,,,,,,,,
workers,Number of Workers,,,,,,,,,,,,,,,,,,,,,
in_state,Number of Workers Who Work in State,,,,,,,,,,,,,,,,,,,,,
out_state,Number of Workers Who Work Out of State,,,,,,,,,,,,,,,,,,,,,
commute_car,Number of Workers Commuting by Car/Truck/Van,,,,,,,,,,,,,,,,,,,,,
commute_pub,Number of Workers Commuting by Public Transportation,,,,,,,,,,,,,,,,,,,,,
commute_byc,Number of Workers Commuting by Bicycle,,,,,,,,,,,,,,,,,,,,,
commute_walk,Number of Workers Commuting by Walking,,,,,,,,,,,,,,,,,,,,,
commute_1529,Number of Workers with Commute of 15-29 Minutes,,,,,,,,,,,,,,,,,,,,,
commute_3059,Number of Workers with Commute of 30-59 Minutes,,,,,,,,,,,,,,,,,,,,,
commute_60,Number of Workers with Commute of 60+ Minutes,,,,,,,,,,,,,,,,,,,,,
commute_15,Number of Workers with Commute of 15 Minutes or Less,,,,,,,,,,,,,,,,,,,,,
tot_hh,Number of Households,,,,,,,,,,,,,,,,,,,,,
mar_hh,Number of Married Couple Family Households,,,,,,,,,,,,,,,,,,,,,
nonfam_hh,Number of Non-Family Households,,,,,,,,,,,,,,,,,,,,,
norel_hh,Number of Households with One Non-Relative,,,,,,,,,,,,,,,,,,,,,
never_mar,Number of Residents Never Married,,,,,,,,,,,,,,,,,,,,,
now_mar,Number of Residents Now Married,,,,,,,,,,,,,,,,,,,,,
widow,Number of Residents Widowed,,,,,,,,,,,,,,,,,,,,,
divorced,Number of Residents Divorced,,,,,,,,,,,,,,,,,,,,,
in_preschl,Number of Residents Enrolled in Pre-School,,,,,,,,,,,,,,,,,,,,,
in_kinder,Number of Residents Enrolled in Kindergarten,,,,,,,,,,,,,,,,,,,,,
in_gr1_4,Number of Residents Enrolled in Grades 1-4,,,,,,,,,,,,,,,,,,,,,
in_gr5_8,Number of Residents Enrolled in Grades 5-8,,,,,,,,,,,,,,,,,,,,,
in_gr9_12,Number of Residents Enrolled in Grades 9-12,,,,,,,,,,,,,,,,,,,,,
in_undrgrad,Number of Residents Enrolled in College Undergraduate,,,,,,,,,,,,,,,,,,,,,
in_grad,Number of Residents Enrolled in College Graduate,,,,,,,,,,,,,,,,,,,,,
no_hs,Number of Residents Highest Education Less than High School,,,,,,,,,,,,,,,,,,,,,
hs,Number of Residents Highest Education High School,,,,,,,,,,,,,,,,,,,,,
ged,Number of Residents Highest Education GED,,,,,,,,,,,,,,,,,,,,,
some_college,Number of Residents Highest Education Some College,,,,,,,,,,,,,,,,,,,,,
associates,Number of Residents Highest Education Associates Degree,,,,,,,,,,,,,,,,,,,,,
bachelors,Number of Residents Highest Education Bachelors Degree,,,,,,,,,,,,,,,,,,,,,
masters,Number of Residents Highest Education Masters Degree,,,,,,,,,,,,,,,,,,,,,
prof,Number of Residents Highest Education Professional Degree,,,,,,,,,,,,,,,,,,,,,
doctorate,Number of Residents Highest Education Doctorate Degree,,,,,,,,,,,,,,,,,,,,,
eng_only,Number of Residents Speak English Only,,,,,,,,,,,,,,,,,,,,,
sp_only,Number of Residents Speak Spanish Only,,,,,,,,,,,,,,,,,,,,,
indoeur_only,Number of Residents Speak Other Indo European Only,,,,,,,,,,,,,,,,,,,,,
asianpi_only,Number of Residents Speak Asian Pacific Islander Only,,,,,,,,,,,,,,,,,,,,,
other_only,Number of Residents Speak Other Language Only,,,,,,,,,,,,,,,,,,,,,
pov_mar_fam,Number of Married Couple Families with Income Below Poverty Level,,,,,,,,,,,,,,,,,,,,,
pov_pop,Number of Residents with Income Below Poverty Level,,,,,,,,,,,,,,,,,,,,,
inc_10k_14999,Number of Households Income 10000-14999,,,,,,,,,,,,,,,,,,,,,
inc_15k_19999,Number of Households Income 15000-19999,,,,,,,,,,,,,,,,,,,,,
inc_20k_24999,Number of Households Income 20000-24999,,,,,,,,,,,,,,,,,,,,,
inc_25k_29999,Number of Households Income 25000-29999,,,,,,,,,,,,,,,,,,,,,
inc_30k_39999,Number of Households Income 30000-39999,,,,,,,,,,,,,,,,,,,,,
inc_40k_49999,Number of Households Income 40000-49999,,,,,,,,,,,,,,,,,,,,,
inc_50k_59999,Number of Households Income 50000-59999,,,,,,,,,,,,,,,,,,,,,
inc_60k_74999,Number of Households Income 60000-74999,,,,,,,,,,,,,,,,,,,,,
inc_75k_99999,Number of Households Income 75000-99999,,,,,,,,,,,,,,,,,,,,,
inc_under_10k,Number of Households Income Under 10000,,,,,,,,,,,,,,,,,,,,,
inc_100k,Number of Households Income 100000 and Over,,,,,,,,,,,,,,,,,,,,,
hh_w_earn,Number of Households with Earnings in Past 12 Months,,,,,,,,,,,,,,,,,,,,,
hh_w_wage,Number of Households with Wage or Salary Income in Past 12 Months,,,,,,,,,,,,,,,,,,,,,
hh_w_selfemp,Number of Households with Self-Employment in Past 12 Months,,,,,,,,,,,,,,,,,,,,,
hh_w_interest,Number of Households with Interest Dividends in Past 12 Months,,,,,,,,,,,,,,,,,,,,,
hh_w_ssi,Number of Households with Social Security Income in Past 12 Months,,,,,,,,,,,,,,,,,,,,,
hh_w_sssi,Number of Households with Supplemental Social Security Income in Past 12 Months,,,,,,,,,,,,,,,,,,,,,
hh_w_painc,Number of Households with Public Assistance Income in Past 12 Months,,,,,,,,,,,,,,,,,,,,,
hh_w_ret,Number of Households with Retirement Income in Past 12 Months,,,,,,,,,,,,,,,,,,,,,
hh_w_other_inc,Number of Households with Other Income in Past 12 Months,,,,,,,,,,,,,,,,,,,,,
per_capita_inc,Per Capita Income in Past 12 Months,,,,,,,,,,,,,,,,,,,,,
veterans,Number of Veterans,,,,,,,,,,,,,,,,,,,,,
vet_gulf_9001,Number of Veterans Gulf War 1990-2001,,,,,,,,,,,,,,,,,,,,,
vet_gulf_post01,Number of Veterans Gulf War 2001 or Later,,,,,,,,,,,,,,,,,,,,,
vet_korean,Number of Veterans Korean War,,,,,,,,,,,,,,,,,,,,,
vet_vietnam,Number of Veterans Vietnam Era,,,,,,,,,,,,,,,,,,,,,
vet_wwii,Number of Veterans World War II,,,,,,,,,,,,,,,,,,,,,
hh_snap,Number of Households with SNAP in Past 12 Months,,,,,,,,,,,,,,,,,,,,,
hh_disabl,Number of Households with One Person with Disability,,,,,,,,,,,,,,,,,,,,,
in_labfce,Number of Residents in Labor Force,,,,,,,,,,,,,,,,,,,,,
empl,Number of Residents Employed,,,,,,,,,,,,,,,,,,,,,
unempl,Number of Residents Unemployed,,,,,,,,,,,,,,,,,,,,,
hu,Number of Housing Units,,,,,,,,,,,,,,,,,,,,,
hu_occ,Number of Occupied Housing Units,,,,,,,,,,,,,,,,,,,,,
hu_vac,Number of Vacant Housing Units,,,,,,,,,,,,,,,,,,,,,
hu_ooc,Number of Owner-Occupied Housing Units,,,,,,,,,,,,,,,,,,,,,
hu_roc,Number of Renter-Occupied Housing Units,,,,,,,,,,,,,,,,,,,,,
hu_crowd,Number of Crowded Housing Units,,,,,,,,,,,,,,,,,,,,,
hs_1unit,Number of Housing Structures with 1 Unit,,,,,,,,,,,,,,,,,,,,,
hs_10_19unit,Number of Housing Structures with 10-19 Units,,,,,,,,,,,,,,,,,,,,,
hs_2unit,Number of Housing Structures with 2 Units,,,,,,,,,,,,,,,,,,,,,
hs_20_49unit,Number of Housing Structures with 20-49 Units,,,,,,,,,,,,,,,,,,,,,
hs_3_4unit,Number of Housing Structures with 3-4 Units,,,,,,,,,,,,,,,,,,,,,
hs_5_9unit,Number of Housing Structures with 5-9 Units,,,,,,,,,,,,,,,,,,,,,
hs_50unit,Number of Housing Structures with 50+ Units,,,,,,,,,,,,,,,,,,,,,
moblh,Number of Mobile Homes,,,,,,,,,,,,,,,,,,,,,
hs_1930s,Number of Housing Structures Build in 1930s or Earlier,,,,,,,,,,,,,,,,,,,,,
hs_2010s,Number of Housing Structures Build in 2010s,,,,,,,,,,,,,,,,,,,,,
hs_2000s,Number of Housing Structures Build in 2000s,,,,,,,,,,,,,,,,,,,,,
hs_1990s,Number of Housing Structures Build in 1990s,,,,,,,,,,,,,,,,,,,,,
hs_1980s,Number of Housing Structures Build in 1980s,,,,,,,,,,,,,,,,,,,,,
hs_1970s,Number of Housing Structures Build in 1970s,,,,,,,,,,,,,,,,,,,,,
hs_1960s,Number of Housing Structures Build in 1960s,,,,,,,,,,,,,,,,,,,,,
hs_1950s,Number of Housing Structures Build in 1950s,,,,,,,,,,,,,,,,,,,,,
hs_1940s,Number of Housing Structures Build in 1940s,,,,,,,,,,,,,,,,,,,,,
hu_mvdin_1980s,Number of Housing Units Moved in 1980s or Earlier,,,,,,,,,,,,,,,,,,,,,
hu_mvdin_1990s,Number of Housing Units Moved in 1990s,,,,,,,,,,,,,,,,,,,,,
hu_mvdin_2000s,Number of Housing Units Moved in 2000s,,,,,,,,,,,,,,,,,,,,,
hu_mvdin_2010s,Number of Housing Units Moved in 2010s,,,,,,,,,,,,,,,,,,,,,
hu_btlgas,Number of Housing Units Heating with Bottled Tank Gas,,,,,,,,,,,,,,,,,,,,,
hu_coal,Number of Housing Units Heating with Coal,,,,,,,,,,,,,,,,,,,,,
hu_elctrcty,Number of Housing Units Heating with Electricity,,,,,,,,,,,,,,,,,,,,,
hu_oil,Number of Housing Units Heating with Oil,,,,,,,,,,,,,,,,,,,,,
hu_gas,Number of Housing Units Heating with Utility Gas,,,,,,,,,,,,,,,,,,,,,
hu_wood,Number of Housing Units Heating with Wood,,,,,,,,,,,,,,,,,,,,,
hu_solar,Number of Housing Units Heating with Solar Energy,,,,,,,,,,,,,,,,,,,,,
hu_0bed,Number of Housing Units 0 Bedrooms,,,,,,,,,,,,,,,,,,,,,
hu_1bed,Number of Housing Units 1 Bedroom,,,,,,,,,,,,,,,,,,,,,
hu_2bed,Number of Housing Units 2 Bedrooms,,,,,,,,,,,,,,,,,,,,,
hu_3bed,Number of Housing Units 3 Bedrooms,,,,,,,,,,,,,,,,,,,,,
hu_4bed,Number of Housing Units 4 Bedrooms,,,,,,,,,,,,,,,,,,,,,
hu_5bed,Number of Housing Units 5+ Bedrooms,,,,,,,,,,,,,,,,,,,,,
hu_w_tel,Number of Housing Units with Telephone,,,,,,,,,,,,,,,,,,,,,
hu_0veh,Number of Housing Units 0 Vehicles,,,,,,,,,,,,,,,,,,,,,
hu_1veh,Number of Housing Units 1 Vehicle,,,,,,,,,,,,,,,,,,,,,
hu_2veh,Number of Housing Units 2 Vehicles,,,,,,,,,,,,,,,,,,,,,
hu_3veh,Number of Housing Units 3 Vehicles,,,,,,,,,,,,,,,,,,,,,
hu_4veh,Number of Housing Units 4 Vehicles,,,,,,,,,,,,,,,,,,,,,
hu_5veh,Number of Housing Units 5+ Vehicles,,,,,,,,,,,,,,,,,,,,,
hu_ktchn,Number of Housing Units Complete Kitchen,,,,,,,,,,,,,,,,,,,,,
hu_plmbn,Number of Housing Units Complete Plumbing,,,,,,,,,,,,,,,,,,,,,
hu_rent_util,Number of Renter Housing Units with Utilities Included,,,,,,,,,,,,,,,,,,,,,
hu_cost_burdn,Number of Housing Units Cost Burdened,,,,,,,,,,,,,,,,,,,,,
pop_w_ins,Number of Residents with Health Insurance,,,,,,,,,,,,,,,,,,,,,
pop_1014,Number of Residents Aged 10-14,,,,,,,,,,,,,,,,,,,,,
pop_1517,Number of Residents Aged 15-17,,,,,,,,,,,,,,,,,,,,,
pop_1824,Number of Residents Aged 18-24,,,,,,,,,,,,,,,,,,,,,
pop_2534,Number of Residents Aged 25-34,,,,,,,,,,,,,,,,,,,,,
pop_3544,Number of Residents Aged 35-44,,,,,,,,,,,,,,,,,,,,,
pop_4554,Number of Residents Aged 45-54,,,,,,,,,,,,,,,,,,,,,
pop_5_9,Number of Residents Aged 5-9,,,,,,,,,,,,,,,,,,,,,
pop_5564,Number of Residents Aged 55-64,,,,,,,,,,,,,,,,,,,,,
pop_6574,Number of Residents Aged 65-74,,,,,,,,,,,,,,,,,,,,,
pop_7584,Number of Residents Aged 75-84,,,,,,,,,,,,,,,,,,,,,
pop_85,Number of Residents Aged 85+,,,,,,,,,,,,,,,,,,,,,
pop_5,Number of Residents Aged 5 and Under,,,,,,,,,,,,,,,,,,,,,
religious_orgs,Number of religious organizations in the area,,,,,,,,,,,,,,,,,,,,,
public_housing_developments,Number of public housing developments,,,,,,,,,,,,,,,,,,,,,
libraries,Number of libraries,,,,,,,,,,,,,,,,,,,,,
adhs_wwhp_clinics,Number of Well Woman Healthcheck Program clinics,,,,,,,,,,,,,,,,,,,,,
adhs_urgentcares,Number of urgent care centers,,,,,,,,,,,,,,,,,,,,,
adhs_traumacenters,Number of trauma centers,,,,,,,,,,,,,,,,,,,,,
adhs_slidingfeescheduleclinics,Number of sliding fee schedule clinics,,,,,,,,,,,,,,,,,,,,,
adhs_residentialfacilities,Number of residential care facilities,,,,,,,,,,,,,,,,,,,,,
adhs_medicalfacilities,Number of general medical facilities,,,,,,,,,,,,,,,,,,,,,
adhs_longtermcarefacilities,Number of long-term care facilities,,,,,,,,,,,,,,,,,,,,,
adhs_licensedfacilities,Number of ADHS-licensed healthcare facilities,,,,,,,,,,,,,,,,,,,,,
adhs_hospital,Number of hospitals,,,,,,,,,,,,,,,,,,,,,
adhs_ems,Number of emergency medical service providers,,,,,,,,,,,,,,,,,,,,,
adhs_ddgrouphomes,Number of developmental disability group homes,,,,,,,,,,,,,,,,,,,,,
adhs_correctionalfacilities,Number of correctional facilities,,,,,,,,,,,,,,,,,,,,,
adhs_childcarefacilities_incl_public_schools,Number of childcare facilities including public schools,,,,,,,,,,,,,,,,,,,,,
total_dosage,Total opioid dosage dispensed (1 dosage = 1 pill),,,,,,,,,,,,,,,,,,,,,
total_mme,Total Morphine Milligram Equivalent (MME) – standard opioid potency measure,,,,,,,,,,,,,,,,,,,,,
id_y,Internal identifier (used for joins or references),,,,,,,,,,,,,,,,,,,,,
geoid_y,GEOID used for spatial or census-based reference,,,,,,,,,,,,,,,,,,,,,
life_expectancy,Estimated average life expectancy in the tract,,,,,,,,,,,,,,,,,,,,,
life_expectancy_se,Standard error of the life expectancy estimate,,,,,,,,,,,,,,,,,,,,,
flag,,,,,,,,,,,,,,,,,,,,,,
,,,,,,,,,,,,,,,,,,,,,,